suite_id,approach_id,final_evolved_minus_ablation,raw_invalid_as_zero_evolved_minus_ablation,raw_complete_case_evolved_minus_ablation
ouro_activegraph_50,hybrid_packs,-0.09999999999999998,-0.26,0.07333333333333336
ouro_activegraph_50,minimal_v2,0.08666666666666667,0.08666666666666667,0.08666666666666667
ouro_activegraph_50,workspace_v1_2,-0.17333333333333334,-0.17333333333333334,-0.17333333333333334
ouro_swe_50,hybrid_packs,0.10000000000000009,0.10000000000000009,0.022222222222222254
ouro_swe_50,minimal_v2,0.09999999999999998,0.09999999999999998,0.09999999999999998
ouro_swe_50,workspace_v1_2,0.0,0.0,0.0
ouro_terminal_12,hybrid_packs,0.0,0.0,0.0
ouro_terminal_12,minimal_v2,-0.33333333333333337,-0.33333333333333337,-0.33333333333333337
ouro_terminal_12,workspace_v1_2,0.16666666666666674,0.16666666666666674,0.16666666666666674
