approach_id,sequence,suite_id,task_id,score_passed,mutation_accepted,author_requests,author_input_tokens,author_output_tokens,author_cost_usd,evolution_reason,author_feedback
workspace_v1_2,1,ouro_swe_50,matplotlib__matplotlib-25960,False,True,17,205122,20074,1.62783,,[]
workspace_v1_2,2,ouro_swe_50,pytest-dev__pytest-5262,True,True,14,208565,20547,1.659235,,[]
workspace_v1_2,3,ouro_swe_50,pallets__flask-5014,True,True,22,329494,20367,2.25848,,[]
workspace_v1_2,4,ouro_swe_50,scikit-learn__scikit-learn-14496,True,True,15,194476,20799,1.59635,,[]
workspace_v1_2,5,ouro_swe_50,pydata__xarray-3677,True,True,14,199350,18961,1.56558,,[]
workspace_v1_2,6,ouro_swe_50,sphinx-doc__sphinx-7440,True,True,14,187794,18045,1.48032,,[]
workspace_v1_2,7,ouro_swe_50,mwaskom__seaborn-3069,True,True,22,474658,17673,2.90348,,[]
workspace_v1_2,8,ouro_swe_50,pylint-dev__pylint-4661,False,False,16,291846,19128,2.03307,,[]
workspace_v1_2,9,ouro_swe_50,psf__requests-6028,False,True,16,242109,20980,1.839945,,[]
workspace_v1_2,10,ouro_swe_50,django__django-15629,False,True,21,391510,19614,2.54597,,[]
workspace_v1_2,11,ouro_swe_50,astropy__astropy-14365,False,True,24,485389,19552,3.013505,,[]
workspace_v1_2,12,ouro_swe_50,sympy__sympy-19495,True,True,15,263824,19943,1.91741,,[]
workspace_v1_2,13,ouro_swe_50,matplotlib__matplotlib-20826,False,True,19,330920,21469,2.29867,,[]
workspace_v1_2,14,ouro_swe_50,pytest-dev__pytest-7324,True,True,23,498546,20615,3.11118,,[]
workspace_v1_2,15,ouro_swe_50,scikit-learn__scikit-learn-25931,True,False,14,203774,11331,1.3588,,[]
workspace_v1_2,16,ouro_swe_50,pydata__xarray-6721,True,True,20,339485,16373,2.188615,,[]
workspace_v1_2,17,ouro_swe_50,sphinx-doc__sphinx-9230,True,True,17,287970,20295,2.0487,,[]
workspace_v1_2,18,ouro_swe_50,mwaskom__seaborn-3187,False,True,18,350162,18797,2.31472,,[]
workspace_v1_2,19,ouro_swe_50,pylint-dev__pylint-7080,True,True,15,343620,19798,2.31204,,[]
workspace_v1_2,20,ouro_swe_50,psf__requests-1142,False,False,20,784450,16223,4.40894,,[]
workspace_v1_2,21,ouro_terminal_12,configure-git-webserver,True,True,12,190449,17964,1.491165,,[]
workspace_v1_2,22,ouro_terminal_12,polyglot-rust-c,False,True,15,267897,17540,1.865685,,[]
workspace_v1_2,23,ouro_terminal_12,extract-moves-from-video,False,True,13,181680,18470,1.4625,,[]
workspace_v1_2,24,ouro_terminal_12,db-wal-recovery,False,True,19,386820,21920,2.5917,,[]
workspace_v1_2,25,ouro_terminal_12,sqlite-with-gcov,True,True,17,302177,17500,2.035885,,[]
workspace_v1_2,26,ouro_terminal_12,tune-mjcf,False,True,18,360128,17922,2.3383,,[]
workspace_v1_2,27,ouro_activegraph_50,incident_coordination,False,True,31,894575,23330,5.172775,,[]
workspace_v1_2,28,ouro_activegraph_50,approval_workflow,False,True,18,420703,17663,2.633405,,[]
minimal_v2,1,ouro_swe_50,matplotlib__matplotlib-25960,True,True,0,0,0,0.0,,[]
minimal_v2,2,ouro_swe_50,pytest-dev__pytest-5262,True,True,0,0,0,0.0,,[]
minimal_v2,3,ouro_swe_50,pallets__flask-5014,True,True,0,0,0,0.0,,[]
minimal_v2,4,ouro_swe_50,scikit-learn__scikit-learn-14496,True,True,0,0,0,0.0,,[]
minimal_v2,5,ouro_swe_50,pydata__xarray-3677,True,True,0,0,0,0.0,,[]
minimal_v2,6,ouro_swe_50,sphinx-doc__sphinx-7440,False,False,0,0,0,0.0,,[]
minimal_v2,7,ouro_swe_50,mwaskom__seaborn-3069,False,False,0,0,0,0.0,,[]
minimal_v2,8,ouro_swe_50,pylint-dev__pylint-4661,False,False,0,0,0,0.0,,[]
minimal_v2,9,ouro_swe_50,psf__requests-6028,False,False,0,0,0,0.0,,[]
minimal_v2,10,ouro_swe_50,django__django-15629,False,False,0,0,0,0.0,,[]
minimal_v2,11,ouro_swe_50,astropy__astropy-14365,False,False,0,0,0,0.0,,[]
minimal_v2,12,ouro_swe_50,sympy__sympy-19495,True,True,0,0,0,0.0,,[]
minimal_v2,13,ouro_swe_50,matplotlib__matplotlib-20826,True,True,0,0,0,0.0,,[]
minimal_v2,14,ouro_swe_50,pytest-dev__pytest-7324,True,True,0,0,0,0.0,,[]
minimal_v2,15,ouro_swe_50,scikit-learn__scikit-learn-25931,True,True,0,0,0,0.0,,[]
minimal_v2,16,ouro_swe_50,pydata__xarray-6721,True,True,0,0,0,0.0,,[]
minimal_v2,17,ouro_swe_50,sphinx-doc__sphinx-9230,True,True,0,0,0,0.0,,[]
minimal_v2,18,ouro_swe_50,mwaskom__seaborn-3187,False,False,0,0,0,0.0,,[]
minimal_v2,19,ouro_swe_50,pylint-dev__pylint-7080,False,False,0,0,0,0.0,,[]
minimal_v2,20,ouro_swe_50,psf__requests-1142,False,False,0,0,0,0.0,,[]
minimal_v2,21,ouro_terminal_12,configure-git-webserver,True,True,0,0,0,0.0,,[]
minimal_v2,22,ouro_terminal_12,polyglot-rust-c,False,False,0,0,0,0.0,,[]
minimal_v2,23,ouro_terminal_12,extract-moves-from-video,False,False,0,0,0,0.0,,[]
minimal_v2,24,ouro_terminal_12,db-wal-recovery,False,False,0,0,0,0.0,,[]
minimal_v2,25,ouro_terminal_12,sqlite-with-gcov,True,True,0,0,0,0.0,,[]
minimal_v2,26,ouro_terminal_12,tune-mjcf,False,False,0,0,0,0.0,,[]
minimal_v2,27,ouro_activegraph_50,incident_coordination,False,False,0,0,0,0.0,,[]
minimal_v2,28,ouro_activegraph_50,approval_workflow,False,False,0,0,0,0.0,,[]
hybrid_packs,1,ouro_swe_50,matplotlib__matplotlib-25960,False,True,1,24154,3589,0.22844,strict execution-grounded Pack set adopted atomically,[]
hybrid_packs,2,ouro_swe_50,pytest-dev__pytest-5262,True,True,1,24672,3454,0.22698,strict execution-grounded Pack set adopted atomically,[]
hybrid_packs,3,ouro_swe_50,pallets__flask-5014,True,True,1,25294,4228,0.25331,strict execution-grounded Pack set adopted atomically,[]
hybrid_packs,4,ouro_swe_50,scikit-learn__scikit-learn-14496,True,True,1,25900,4251,0.25703,strict execution-grounded Pack set adopted atomically,[]
hybrid_packs,5,ouro_swe_50,pydata__xarray-3677,True,True,1,26614,4875,0.27932,strict execution-grounded Pack set adopted atomically,[]
hybrid_packs,6,ouro_swe_50,sphinx-doc__sphinx-7440,True,True,1,27244,5514,0.30164,strict execution-grounded Pack set adopted atomically,[]
hybrid_packs,7,ouro_swe_50,mwaskom__seaborn-3069,True,True,1,28004,6037,0.32113,strict execution-grounded Pack set adopted atomically,[]
hybrid_packs,8,ouro_swe_50,pylint-dev__pylint-4661,False,True,1,28855,6955,0.352925,strict execution-grounded Pack set adopted atomically,[]
hybrid_packs,9,ouro_swe_50,psf__requests-6028,False,True,1,29571,7670,0.377955,strict execution-grounded Pack set adopted atomically,[]
hybrid_packs,10,ouro_swe_50,django__django-15629,False,True,1,30366,8645,0.41118,strict execution-grounded Pack set adopted atomically,[]
hybrid_packs,11,ouro_swe_50,astropy__astropy-14365,True,True,1,30922,9043,0.4259,strict execution-grounded Pack set adopted atomically,[]
hybrid_packs,12,ouro_swe_50,sympy__sympy-19495,False,True,1,31684,9281,0.43685,strict execution-grounded Pack set adopted atomically,[]
hybrid_packs,13,ouro_swe_50,matplotlib__matplotlib-20826,True,True,1,32267,9337,0.441445,strict execution-grounded Pack set adopted atomically,[]
hybrid_packs,14,ouro_swe_50,pytest-dev__pytest-7324,True,True,1,33003,8963,0.433905,strict execution-grounded Pack set adopted atomically,[]
hybrid_packs,15,ouro_swe_50,scikit-learn__scikit-learn-25931,True,True,2,68083,21543,0.986705,strict execution-grounded Pack set adopted atomically,[]
hybrid_packs,16,ouro_swe_50,pydata__xarray-6721,True,True,1,34307,12103,0.534625,strict execution-grounded Pack set adopted atomically,[]
hybrid_packs,17,ouro_swe_50,sphinx-doc__sphinx-9230,True,True,1,34876,11328,0.51422,strict execution-grounded Pack set adopted atomically,[]
hybrid_packs,18,ouro_swe_50,mwaskom__seaborn-3187,False,True,1,35632,12220,0.54476,strict execution-grounded Pack set adopted atomically,[]
hybrid_packs,19,ouro_swe_50,pylint-dev__pylint-7080,False,True,1,36418,12853,0.56768,strict execution-grounded Pack set adopted atomically,[]
hybrid_packs,20,ouro_swe_50,psf__requests-1142,False,True,1,37243,11942,0.544475,strict execution-grounded Pack set adopted atomically,[]
hybrid_packs,21,ouro_terminal_12,configure-git-webserver,True,True,1,37962,12707,0.57102,strict execution-grounded Pack set adopted atomically,[]
hybrid_packs,22,ouro_terminal_12,polyglot-rust-c,False,True,1,38553,13003,0.582855,strict execution-grounded Pack set adopted atomically,[]
hybrid_packs,23,ouro_terminal_12,extract-moves-from-video,False,True,2,78673,27873,1.229555,strict execution-grounded Pack set adopted atomically,[]
hybrid_packs,24,ouro_terminal_12,db-wal-recovery,True,True,2,79771,30121,1.302485,strict execution-grounded Pack set adopted atomically,[]
hybrid_packs,25,ouro_terminal_12,sqlite-with-gcov,True,True,2,81015,28744,1.267395,strict execution-grounded Pack set adopted atomically,[]
hybrid_packs,26,ouro_terminal_12,tune-mjcf,False,False,4,164841,57133,2.538195,static policy rejected proposal,"[""development_playbook: byte budget exceeded: 65935 > 64000""]"
hybrid_packs,27,ouro_activegraph_50,incident_coordination,False,False,4,168301,58768,2.604545,static policy rejected proposal,"[""development_playbook: byte budget exceeded: 71131 > 64000""]"
hybrid_packs,28,ouro_activegraph_50,approval_workflow,False,False,4,171529,66703,2.858735,static policy rejected proposal,"[""development_playbook: byte budget exceeded: 72672 > 64000""]"
