suite_id,left_condition,right_condition,left_mean,right_mean,delta,absolute_delta
ouro_swe_50,workspace_v1_2/cold,workspace_v1_2/cold_ablation,0.8,0.8,0.0,0.0
ouro_swe_50,workspace_v1_2/cold,minimal_v2/cold,0.8,0.8,0.0,0.0
ouro_swe_50,workspace_v1_2/cold,minimal_v2/cold_ablation,0.8,0.6,0.20000000000000007,0.20000000000000007
ouro_swe_50,workspace_v1_2/cold,hybrid_packs/cold,0.8,0.7,0.10000000000000009,0.10000000000000009
ouro_swe_50,workspace_v1_2/cold,hybrid_packs/cold_ablation,0.8,0.7,0.10000000000000009,0.10000000000000009
ouro_swe_50,workspace_v1_2/cold_ablation,minimal_v2/cold,0.8,0.8,0.0,0.0
ouro_swe_50,workspace_v1_2/cold_ablation,minimal_v2/cold_ablation,0.8,0.6,0.20000000000000007,0.20000000000000007
ouro_swe_50,workspace_v1_2/cold_ablation,hybrid_packs/cold,0.8,0.7,0.10000000000000009,0.10000000000000009
ouro_swe_50,workspace_v1_2/cold_ablation,hybrid_packs/cold_ablation,0.8,0.7,0.10000000000000009,0.10000000000000009
ouro_swe_50,minimal_v2/cold,minimal_v2/cold_ablation,0.8,0.6,0.20000000000000007,0.20000000000000007
ouro_swe_50,minimal_v2/cold,hybrid_packs/cold,0.8,0.7,0.10000000000000009,0.10000000000000009
ouro_swe_50,minimal_v2/cold,hybrid_packs/cold_ablation,0.8,0.7,0.10000000000000009,0.10000000000000009
ouro_swe_50,minimal_v2/cold_ablation,hybrid_packs/cold,0.6,0.7,-0.09999999999999998,0.09999999999999998
ouro_swe_50,minimal_v2/cold_ablation,hybrid_packs/cold_ablation,0.6,0.7,-0.09999999999999998,0.09999999999999998
ouro_swe_50,hybrid_packs/cold,hybrid_packs/cold_ablation,0.7,0.7,0.0,0.0
ouro_terminal_12,workspace_v1_2/cold,workspace_v1_2/cold_ablation,0.6666666666666666,0.6666666666666666,0.0,0.0
ouro_terminal_12,workspace_v1_2/cold,minimal_v2/cold,0.6666666666666666,0.6666666666666666,0.0,0.0
ouro_terminal_12,workspace_v1_2/cold,minimal_v2/cold_ablation,0.6666666666666666,0.8333333333333334,-0.16666666666666674,0.16666666666666674
ouro_terminal_12,workspace_v1_2/cold,hybrid_packs/cold,0.6666666666666666,0.8333333333333334,-0.16666666666666674,0.16666666666666674
ouro_terminal_12,workspace_v1_2/cold,hybrid_packs/cold_ablation,0.6666666666666666,0.6666666666666666,0.0,0.0
ouro_terminal_12,workspace_v1_2/cold_ablation,minimal_v2/cold,0.6666666666666666,0.6666666666666666,0.0,0.0
ouro_terminal_12,workspace_v1_2/cold_ablation,minimal_v2/cold_ablation,0.6666666666666666,0.8333333333333334,-0.16666666666666674,0.16666666666666674
ouro_terminal_12,workspace_v1_2/cold_ablation,hybrid_packs/cold,0.6666666666666666,0.8333333333333334,-0.16666666666666674,0.16666666666666674
ouro_terminal_12,workspace_v1_2/cold_ablation,hybrid_packs/cold_ablation,0.6666666666666666,0.6666666666666666,0.0,0.0
ouro_terminal_12,minimal_v2/cold,minimal_v2/cold_ablation,0.6666666666666666,0.8333333333333334,-0.16666666666666674,0.16666666666666674
ouro_terminal_12,minimal_v2/cold,hybrid_packs/cold,0.6666666666666666,0.8333333333333334,-0.16666666666666674,0.16666666666666674
ouro_terminal_12,minimal_v2/cold,hybrid_packs/cold_ablation,0.6666666666666666,0.6666666666666666,0.0,0.0
ouro_terminal_12,minimal_v2/cold_ablation,hybrid_packs/cold,0.8333333333333334,0.8333333333333334,0.0,0.0
ouro_terminal_12,minimal_v2/cold_ablation,hybrid_packs/cold_ablation,0.8333333333333334,0.6666666666666666,0.16666666666666674,0.16666666666666674
ouro_terminal_12,hybrid_packs/cold,hybrid_packs/cold_ablation,0.8333333333333334,0.6666666666666666,0.16666666666666674,0.16666666666666674
ouro_activegraph_50,workspace_v1_2/cold,workspace_v1_2/cold_ablation,0.96,1.0,-0.040000000000000036,0.040000000000000036
ouro_activegraph_50,workspace_v1_2/cold,minimal_v2/cold,0.96,1.0,-0.040000000000000036,0.040000000000000036
ouro_activegraph_50,workspace_v1_2/cold,minimal_v2/cold_ablation,0.96,0.88,0.07999999999999996,0.07999999999999996
ouro_activegraph_50,workspace_v1_2/cold,hybrid_packs/cold,0.96,0.7866666666666666,0.17333333333333334,0.17333333333333334
ouro_activegraph_50,workspace_v1_2/cold,hybrid_packs/cold_ablation,0.96,0.9266666666666666,0.033333333333333326,0.033333333333333326
ouro_activegraph_50,workspace_v1_2/cold_ablation,minimal_v2/cold,1.0,1.0,0.0,0.0
ouro_activegraph_50,workspace_v1_2/cold_ablation,minimal_v2/cold_ablation,1.0,0.88,0.12,0.12
ouro_activegraph_50,workspace_v1_2/cold_ablation,hybrid_packs/cold,1.0,0.7866666666666666,0.21333333333333337,0.21333333333333337
ouro_activegraph_50,workspace_v1_2/cold_ablation,hybrid_packs/cold_ablation,1.0,0.9266666666666666,0.07333333333333336,0.07333333333333336
ouro_activegraph_50,minimal_v2/cold,minimal_v2/cold_ablation,1.0,0.88,0.12,0.12
ouro_activegraph_50,minimal_v2/cold,hybrid_packs/cold,1.0,0.7866666666666666,0.21333333333333337,0.21333333333333337
ouro_activegraph_50,minimal_v2/cold,hybrid_packs/cold_ablation,1.0,0.9266666666666666,0.07333333333333336,0.07333333333333336
ouro_activegraph_50,minimal_v2/cold_ablation,hybrid_packs/cold,0.88,0.7866666666666666,0.09333333333333338,0.09333333333333338
ouro_activegraph_50,minimal_v2/cold_ablation,hybrid_packs/cold_ablation,0.88,0.9266666666666666,-0.046666666666666634,0.046666666666666634
ouro_activegraph_50,hybrid_packs/cold,hybrid_packs/cold_ablation,0.7866666666666666,0.9266666666666666,-0.14,0.14
