suite_id,approach_id,tasks,evolved_mean,matched_ablation_mean,frozen_delta_vs_matched_ablation,pooled_six_no_context_mean,delta_vs_pooled_six_no_context,pooled_six_bootstrap_95_lower,pooled_six_bootstrap_95_upper,leave_matched_ablation_out_mean,delta_vs_leave_matched_ablation_out,leave_matched_out_bootstrap_95_lower,leave_matched_out_bootstrap_95_upper,evolved_results_outside_six_control_range
ouro_swe_50,workspace_v1_2,10,0.8,0.8,0.0,0.7333333333333333,0.06666666666666676,-0.08333333333333333,0.2666666666666667,0.72,0.08000000000000007,-0.1,0.32,0
ouro_swe_50,minimal_v2,10,0.7,0.6,0.09999999999999998,0.7333333333333333,-0.033333333333333326,-0.3,0.18333333333333335,0.76,-0.06000000000000005,-0.32,0.15999999999999998,1
ouro_swe_50,hybrid_packs,10,0.8,0.7,0.10000000000000009,0.7333333333333333,0.06666666666666676,-0.03333333333333333,0.2166666666666667,0.74,0.06000000000000005,-0.04000000000000001,0.2,0
ouro_terminal_12,workspace_v1_2,6,0.8333333333333334,0.6666666666666666,0.16666666666666674,0.7222222222222222,0.11111111111111116,0.0,0.27777777777777773,0.7333333333333334,0.09999999999999998,0.0,0.3,0
ouro_terminal_12,minimal_v2,6,0.5,0.8333333333333334,-0.33333333333333337,0.7222222222222222,-0.2222222222222222,-0.5,0.0,0.7000000000000001,-0.20000000000000007,-0.46666666666666673,0.0,0
ouro_terminal_12,hybrid_packs,6,0.6666666666666666,0.6666666666666666,0.0,0.7222222222222222,-0.05555555555555558,-0.25,0.08333333333333331,0.7333333333333334,-0.06666666666666676,-0.3,0.09999999999999998,0
ouro_activegraph_50,workspace_v1_2,3,0.8266666666666667,1.0,-0.17333333333333334,0.9255555555555556,-0.09888888888888892,-0.3333333333333333,0.036666666666666625,0.9106666666666667,-0.08400000000000007,-0.29600000000000004,0.04399999999999993,0
ouro_activegraph_50,minimal_v2,3,0.9666666666666667,0.88,0.08666666666666667,0.9255555555555556,0.0411111111111111,-0.06333333333333335,0.18666666666666665,0.9346666666666668,0.03199999999999992,-0.05600000000000005,0.1519999999999999,0
ouro_activegraph_50,hybrid_packs,3,0.8266666666666667,0.9266666666666667,-0.10000000000000009,0.9255555555555556,-0.09888888888888892,-0.3333333333333333,0.036666666666666625,0.9253333333333332,-0.09866666666666657,-0.32000000000000006,0.02400000000000002,0
