sequence,suite_id,task_id,score_passed,title,characters,words,trigger_terms,index_vocabulary,index_terms,retrieval_count
1,ouro_swe_50,matplotlib__matplotlib-25960,False,Reuse canonical layout geometry and validate beyond uniform grids,2784,384,10,73,"[""25960"", ""50"", ""a"", ""accepted"", ""and"", ""arithmetic"", ""attempt"", ""beyond"", ""bounds"", ""broader"", ""bugs"", ""but"", ""by"", ""calculation"", ""canonical"", ""case"", ""cell"", ""cells"", ""clean"", ""delegating"", ""differential"", ""edge"", ""evaluation"", ""evidenced"", ""exact"", ""failed"", ""failure"", ""focused"", ""for"", ""formatting"", ""formulas"", ""geometry"", ""grids"", ""gridspec"", ""hspace"", ""ignored"", ""introducing"", ""is"", ""its"", ""layout"", ""matplotlib"", ""missing"", ""need"", ""nested"", ""not"", ""official"", ""ouro"", ""over"", ""parallel"", ""parameter"", ""passed"", ""prefer"", ""ratios"", ""repository"", ""reuse"", ""s"", ""spacing"", ""spanning"", ""swe"", ""tests"", ""that"", ""the"", ""therefore"", ""to"", ""uniform"", ""unknown"", ""validate"", ""validated"", ""validation"", ""was"", ""where"", ""while"", ""wspace""]",0
2,ouro_swe_50,pytest-dev__pytest-5262,True,Make wrapper metadata reflect the wrapper contract,1710,234,8,48,"[""50"", ""5262"", ""a"", ""accepted"", ""adapter"", ""an"", ""and"", ""binary"", ""capability"", ""contract"", ""data"", ""delegation"", ""describe"", ""details"", ""dev"", ""exposes"", ""implementation"", ""interface"", ""make"", ""merely"", ""metadata"", ""mirror"", ""mode"", ""not"", ""object"", ""of"", ""operations"", ""or"", ""ouro"", ""over"", ""proxy"", ""public"", ""pytest"", ""reflect"", ""resource"", ""s"", ""should"", ""stream"", ""swe"", ""text"", ""the"", ""transformed"", ""types"", ""underlying"", ""use"", ""when"", ""wrapped"", ""wrapper""]",1
3,ouro_swe_50,pallets__flask-5014,True,Reject invalid constructor inputs at the earliest public boundary,2239,315,7,53,"[""50"", ""5014"", ""a"", ""accepts"", ""add"", ""allows"", ""and"", ""at"", ""behavior"", ""boundary"", ""but"", ""causes"", ""constructor"", ""cover"", ""creation"", ""earliest"", ""empty"", ""existing"", ""factory"", ""flask"", ""focused"", ""identifier"", ""incorrect"", ""input"", ""inputs"", ""invalid"", ""later"", ""method"", ""name"", ""non"", ""object"", ""or"", ""ouro"", ""pallets"", ""preserve"", ""public"", ""regression"", ""reject"", ""rejected"", ""stable"", ""structurally"", ""suite"", ""swe"", ""test"", ""that"", ""the"", ""this"", ""use"", ""validation"", ""value"", ""valueerror"", ""when"", ""with""]",0
4,ouro_swe_50,scikit-learn__scikit-learn-14496,True,Normalize fractional counts before integer-only downstream APIs,2007,274,8,65,"[""14496"", ""40"", ""50"", ""a"", ""accepts"", ""an"", ""and"", ""api"", ""apis"", ""applies"", ""at"", ""before"", ""between"", ""bound"", ""boundary"", ""but"", ""by"", ""component"", ""construction"", ""count"", ""counts"", ""downstream"", ""float"", ""focused"", ""fraction"", ""fractional"", ""grader"", ""integer"", ""is"", ""learn"", ""minimum"", ""n"", ""neighbors"", ""normalization"", ""normalize"", ""once"", ""only"", ""or"", ""ouro"", ""parameter"", ""passing"", ""preserving"", ""procedure"", ""public"", ""receipt"", ""required"", ""requires"", ""rounding"", ""rules"", ""sample"", ""scikit"", ""semantics"", ""size"", ""smoke"", ""successful"", ""suite"", ""supported"", ""swe"", ""test"", ""the"", ""this"", ""type"", ""value"", ""when"", ""while""]",2
5,ouro_swe_50,pydata__xarray-3677,True,Normalize broader method inputs to the existing canonical representation,2733,374,10,64,"[""3677"", ""50"", ""a"", ""accept"", ""already"", ""an"", ""and"", ""api"", ""applies"", ""at"", ""boundary"", ""broader"", ""but"", ""by"", ""canonical"", ""conversion"", ""dataarray"", ""dataset"", ""equivalent"", ""error"", ""evidenced"", ""existing"", ""expects"", ""function"", ""input"", ""inputs"", ""instance"", ""interface"", ""internal"", ""is"", ""items"", ""its"", ""level"", ""logic"", ""mapping"", ""merge"", ""method"", ""mismatch"", ""missing"", ""narrower"", ""normalization"", ""normalize"", ""ouro"", ""pipeline"", ""procedure"", ""pydata"", ""representation"", ""reuse"", ""s"", ""semantics"", ""should"", ""standard"", ""supported"", ""swe"", ""the"", ""then"", ""to"", ""top"", ""type"", ""unsupported"", ""using"", ""when"", ""works"", ""xarray""]",7
6,ouro_swe_50,sphinx-doc__sphinx-7440,True,Preserve identity-significant spelling in registry keys,2357,310,8,59,"[""50"", ""7440"", ""a"", ""and"", ""applies"", ""are"", ""as"", ""at"", ""because"", ""before"", ""both"", ""cache"", ""case"", ""defined"", ""diagnostics"", ""distinct"", ""doc"", ""domain"", ""duplicate"", ""duplicates"", ""entries"", ""identifier"", ""identifiers"", ""identity"", ""in"", ""index"", ""input"", ""key"", ""keys"", ""names"", ""normalization"", ""normalized"", ""object"", ""or"", ""ouro"", ""overwrite"", ""passing"", ""preserve"", ""preserving"", ""registration"", ""registry"", ""reports"", ""result"", ""retained"", ""sensitive"", ""significant"", ""silent"", ""spelling"", ""sphinx"", ""storage"", ""supports"", ""swe"", ""symbol"", ""table"", ""testing"", ""the"", ""user"", ""warning"", ""when""]",0
7,ouro_swe_50,mwaskom__seaborn-3069,True,Apply semantic axis conventions after artist-driven autoscaling,2787,385,9,71,"[""3069"", ""50"", ""a"", ""after"", ""and"", ""apply"", ""artist"", ""artists"", ""at"", ""autoscaling"", ""axis"", ""bounds"", ""can"", ""categorical"", ""control"", ""conventions"", ""driven"", ""during"", ""edges"", ""established"", ""evidenced"", ""explicit"", ""figure"", ""final"", ""finalization"", ""for"", ""grid"", ""grids"", ""half"", ""have"", ""implementation"", ""inferred"", ""inversion"", ""its"", ""level"", ""must"", ""mwaskom"", ""nominal"", ""not"", ""ouro"", ""passing"", ""plotting"", ""policy"", ""presentation"", ""receive"", ""rendering"", ""requests"", ""resolved"", ""run"", ""scale"", ""scales"", ""seaborn"", ""semantic"", ""should"", ""stage"", ""step"", ""sticky"", ""suppressed"", ""suppression"", ""swe"", ""systems"", ""that"", ""the"", ""theme"", ""this"", ""to"", ""vertical"", ""was"", ""where"", ""whether"", ""yield""]",3
8,ouro_swe_50,pylint-dev__pylint-4661,False,Validate directory-standard migrations with a complete environment precedence matrix,3493,456,12,74,"[""4661"", ""50"", ""a"", ""acceptance"", ""an"", ""and"", ""application"", ""are"", ""base"", ""cache"", ""case"", ""cause"", ""complete"", ""config"", ""configuration"", ""constant"", ""controlled"", ""data"", ""defaults"", ""dev"", ""diagnostic"", ""directory"", ""documentation"", ""edge"", ""empty"", ""environment"", ""established"", ""evidence"", ""exact"", ""failure"", ""findings"", ""focused"", ""for"", ""grader"", ""home"", ""hypotheses"", ""import"", ""is"", ""legacy"", ""matrix"", ""method"", ""migrating"", ""migration"", ""migrations"", ""not"", ""or"", ""ouro"", ""override"", ""path"", ""paths"", ""persistent"", ""precedence"", ""pylint"", ""semantics"", ""shows"", ""standard"", ""state"", ""sufficient"", ""swe"", ""tests"", ""that"", ""the"", ""this"", ""time"", ""to"", ""unknown"", ""updating"", ""use"", ""validate"", ""variable"", ""was"", ""when"", ""with"", ""xdg""]",11
9,ouro_swe_50,psf__requests-6028,False,Validate runtime-specific boundary fixes with behavioral integration tests,2800,375,10,71,"[""407"", ""50"", ""6028"", ""a"", ""affected"", ""and"", ""argument"", ""arguments"", ""as"", ""authentication"", ""behavioral"", ""boundary"", ""bug"", ""bugs"", ""but"", ""call"", ""change"", ""complete"", ""components"", ""credential"", ""cross"", ""diagnostics"", ""evidence"", ""exact"", ""faithful"", ""fix"", ""fixes"", ""for"", ""grader"", ""headers"", ""integration"", ""keyword"", ""library"", ""means"", ""not"", ""on"", ""or"", ""ouro"", ""parsing"", ""positional"", ""proposed"", ""proxy"", ""psf"", ""regression"", ""reproduction"", ""requests"", ""require"", ""runtime"", ""score"", ""sensitive"", ""specific"", ""stripping"", ""style"", ""substitute"", ""supports"", ""swe"", ""test"", ""testing"", ""tests"", ""the"", ""then"", ""tracing"", ""url"", ""use"", ""validate"", ""validated"", ""version"", ""was"", ""where"", ""with"", ""zero""]",2
10,ouro_swe_50,django__django-15629,False,Require focused end-to-end tests for inherited schema metadata,3095,421,10,73,"[""15629"", ""50"", ""a"", ""about"", ""and"", ""attempted"", ""broad"", ""but"", ""change"", ""check"", ""claiming"", ""collation"", ""column"", ""constraint"", ""correct"", ""custom"", ""database"", ""db"", ""defects"", ""derived"", ""django"", ""editor"", ""end"", ""evaluation"", ""evidence"", ""failed"", ""field"", ""focused"", ""for"", ""foreign"", ""formatting"", ""from"", ""generation"", ""groups"", ""implementation"", ""inherit"", ""inherited"", ""is"", ""key"", ""lesson"", ""metadata"", ""migration"", ""mismatch"", ""must"", ""official"", ""or"", ""orm"", ""ouro"", ""parameter"", ""passed"", ""propagation"", ""rather"", ""referenced"", ""require"", ""reusable"", ""schema"", ""shows"", ""sql"", ""sqlite"", ""strengthening"", ""swe"", ""targeted"", ""test"", ""tests"", ""than"", ""that"", ""the"", ""therefore"", ""to"", ""two"", ""validation"", ""where"", ""wrapped""]",2
11,ouro_swe_50,astropy__astropy-14365,True,Make case-insensitive parsing consistent across recognition and interpretation,1868,244,7,56,"[""14365"", ""50"", ""a"", ""across"", ""aligning"", ""and"", ""assumes"", ""astropy"", ""at"", ""boundary"", ""but"", ""canonical"", ""capitalization"", ""case"", ""changing"", ""commands"", ""comparisons"", ""consistent"", ""control"", ""downstream"", ""end"", ""format"", ""grammar"", ""ignorecase"", ""implementation"", ""insensitive"", ""interpretation"", ""keyword"", ""keywords"", ""line"", ""lowercase"", ""make"", ""mixed"", ""ouro"", ""parser"", ""parsing"", ""passing"", ""recognition"", ""regex"", ""regression"", ""semantics"", ""sentinel"", ""specifies"", ""supports"", ""swe"", ""test"", ""text"", ""the"", ""to"", ""token"", ""unrecognized"", ""use"", ""verifying"", ""when"", ""with"", ""words""]",0
12,ouro_swe_50,sympy__sympy-19495,False,Validate binder-aware substitution with a true/false/unknown behavior matrix,2971,399,9,66,"[""19495"", ""50"", ""a"", ""and"", ""applies"", ""as"", ""aware"", ""behavior"", ""binder"", ""bound"", ""but"", ""capture"", ""comprehensions"", ""condition"", ""conditionset"", ""correct"", ""defined"", ""established"", ""evidence"", ""external"", ""failing"", ""false"", ""for"", ""free"", ""generally"", ""image"", ""imageset"", ""implementations"", ""integrals"", ""is"", ""itself"", ""like"", ""local"", ""logic"", ""matrix"", ""means"", ""not"", ""objects"", ""ouro"", ""patch"", ""predicate"", ""regression"", ""reported"", ""scenario"", ""score"", ""sets"", ""simplification"", ""subs"", ""substitution"", ""such"", ""sums"", ""supports"", ""swe"", ""symbol"", ""symbolic"", ""sympy"", ""tests"", ""the"", ""three"", ""to"", ""true"", ""unknown"", ""validate"", ""valued"", ""variable"", ""with""]",1
13,ouro_swe_50,matplotlib__matplotlib-20826,True,Preserve persistent configuration during partial resets,2100,272,8,53,"[""20826"", ""50"", ""applies"", ""axes"", ""be"", ""bulk"", ""clear"", ""clearing"", ""components"", ""configuration"", ""current"", ""defaults"", ""dictionary"", ""during"", ""evidence"", ""fields"", ""from"", ""in"", ""instead"", ""layout"", ""matplotlib"", ""mixes"", ""must"", ""of"", ""one"", ""or"", ""ouro"", ""owned"", ""partial"", ""persistent"", ""preserve"", ""reappear"", ""recomputed"", ""regression"", ""regressions"", ""reset"", ""resets"", ""selectively"", ""settings"", ""shared"", ""state"", ""stateful"", ""supports"", ""swe"", ""that"", ""the"", ""to"", ""updating"", ""user"", ""visibility"", ""where"", ""whole"", ""with""]",0
14,ouro_swe_50,pytest-dev__pytest-7324,True,"Encode opaque expression names as lookup keys, not AST identifiers",2733,375,8,73,"[""50"", ""7324"", ""82"", ""a"", ""accessed"", ""and"", ""applies"", ""arbitrary"", ""as"", ""ast"", ""cases"", ""checks"", ""compilation"", ""compile"", ""compiler"", ""crash"", ""data"", ""defined"", ""dev"", ""edge"", ""encode"", ""environment"", ""eval"", ""evaluation"", ""evidenced"", ""expression"", ""fixed"", ""for"", ""formatting"", ""host"", ""identifier"", ""identifiers"", ""into"", ""invalid"", ""keys"", ""keywords"", ""labels"", ""language"", ""lookup"", ""manual"", ""names"", ""not"", ""official"", ""one"", ""opaque"", ""or"", ""ouro"", ""parsers"", ""passed"", ""preserved"", ""procedure"", ""pytest"", ""rather"", ""represents"", ""reserved"", ""suite"", ""swe"", ""targeted"", ""tests"", ""than"", ""that"", ""the"", ""those"", ""through"", ""to"", ""token"", ""tokens"", ""translate"", ""treating"", ""user"", ""valid"", ""values"", ""variable""]",3
15,ouro_swe_50,scikit-learn__scikit-learn-25931,True,Avoid redundant public-API validation in internal estimator workflows,2155,293,9,53,"[""25931"", ""50"", ""an"", ""another"", ""api"", ""applies"", ""avoid"", ""avoidable"", ""calls"", ""causing"", ""component"", ""data"", ""dataframe"", ""double"", ""during"", ""estimator"", ""feature"", ""fit"", ""in"", ""inference"", ""input"", ""internal"", ""invokes"", ""its"", ""learn"", ""loss"", ""metadata"", ""misleading"", ""name"", ""names"", ""or"", ""ouro"", ""overhead"", ""own"", ""path"", ""predict"", ""private"", ""processing"", ""public"", ""redundant"", ""scikit"", ""score"", ""scoring"", ""swe"", ""training"", ""unexpected"", ""validated"", ""validation"", ""warning"", ""warnings"", ""when"", ""workflow"", ""workflows""]",0
16,ouro_swe_50,pydata__xarray-6721,True,Inspect lazy-array metadata without crossing materializing accessors,2490,348,10,66,"[""50"", ""6721"", ""a"", ""abstraction"", ""access"", ""accessor"", ""accessors"", ""added"", ""and"", ""applies"", ""array"", ""as"", ""backend"", ""chunk"", ""chunks"", ""chunksizes"", ""conversion"", ""crossing"", ""data"", ""detecting"", ""dtype"", ""encoding"", ""evaluator"", ""evidenced"", ""from"", ""full"", ""hasattr"", ""inspect"", ""inspection"", ""lazy"", ""load"", ""loading"", ""materialization"", ""materializing"", ""metadata"", ""non"", ""only"", ""or"", ""ouro"", ""passed"", ""passing"", ""patch"", ""potentially"", ""properties"", ""public"", ""pydata"", ""received"", ""redirected"", ""regression"", ""relevant"", ""remote"", ""s"", ""score"", ""shape"", ""such"", ""suite"", ""swe"", ""test"", ""the"", ""to"", ""traverse"", ""variable"", ""when"", ""without"", ""wrappers"", ""xarray""]",1
17,ouro_swe_50,sphinx-doc__sphinx-9230,True,Split structured fields only at top-level whitespace,1844,248,8,63,"[""45"", ""50"", ""9230"", ""a"", ""and"", ""applies"", ""at"", ""aware"", ""behavior"", ""braces"", ""brackets"", ""case"", ""contain"", ""delimiter"", ""delimiters"", ""doc"", ""especially"", ""evidenced"", ""expression"", ""expressions"", ""field"", ""fields"", ""focused"", ""following"", ""for"", ""from"", ""identifier"", ""inside"", ""level"", ""malformed"", ""may"", ""nested"", ""not"", ""only"", ""or"", ""ouro"", ""parameter"", ""parentheses"", ""parsers"", ""parsing"", ""passing"", ""quoted"", ""regression"", ""rendering"", ""separate"", ""sphinx"", ""split"", ""splitting"", ""structured"", ""suite"", ""support"", ""swe"", ""test"", ""that"", ""the"", ""this"", ""to"", ""token"", ""top"", ""typed"", ""was"", ""when"", ""whitespace""]",1
18,ouro_swe_50,mwaskom__seaborn-3187,False,"Preserve formatter metadata with an explicit, integration-tested display policy",2907,383,9,74,"[""3187"", ""50"", ""a"", ""adapting"", ""an"", ""and"", ""as"", ""attempted"", ""axis"", ""bars"", ""but"", ""color"", ""concatenation"", ""coupled"", ""display"", ""displays"", ""evaluation"", ""examples"", ""explicit"", ""failed"", ""focused"", ""for"", ""format"", ""formatted"", ""formatter"", ""formatters"", ""get"", ""implementation"", ""improved"", ""integration"", ""is"", ""label"", ""labels"", ""large"", ""legend"", ""legends"", ""metadata"", ""mwaskom"", ""non"", ""not"", ""notation"", ""number"", ""observed"", ""official"", ""offset"", ""or"", ""other"", ""ouro"", ""passed"", ""pattern"", ""per"", ""policy"", ""preserve"", ""representation"", ""scalarformatter"", ""scale"", ""scientific"", ""seaborn"", ""so"", ""suite"", ""swe"", ""tables"", ""tested"", ""that"", ""the"", ""threshold"", ""tick"", ""ticks"", ""treat"", ""useoffset"", ""validated"", ""values"", ""when"", ""with""]",4
19,ouro_swe_50,pylint-dev__pylint-7080,False,Validate late-loaded configuration through the real public workflow,2982,407,8,81,"[""50"", ""68"", ""7"", ""7080"", ""a"", ""after"", ""and"", ""be"", ""behavior"", ""but"", ""cache"", ""cached"", ""check"", ""cli"", ""component"", ""configuration"", ""configured"", ""current"", ""depends"", ""dev"", ""diff"", ""discovery"", ""evaluation"", ""evidence"", ""evidenced"", ""failed"", ""failure"", ""focused"", ""for"", ""ignore"", ""initialization"", ""internal"", ""is"", ""late"", ""lesson"", ""loaded"", ""loading"", ""may"", ""method"", ""not"", ""official"", ""on"", ""or"", ""order"", ""ouro"", ""overridden"", ""override"", ""passed"", ""path"", ""paths"", ""patterns"", ""precise"", ""public"", ""pylint"", ""real"", ""reason"", ""recursive"", ""regression"", ""related"", ""rely"", ""replacing"", ""reusable"", ""shows"", ""solely"", ""stale"", ""state"", ""swe"", ""tests"", ""that"", ""the"", ""therefore"", ""this"", ""through"", ""timing"", ""to"", ""use"", ""validate"", ""value"", ""when"", ""with"", ""workflow""]",11
20,ouro_swe_50,psf__requests-1142,False,Pair behavior-matrix tests with a strict submitted-diff audit,3171,424,10,84,"[""1142"", ""50"", ""a"", ""and"", ""artifacts"", ""attempt"", ""audit"", ""automatic"", ""bearing"", ""behavior"", ""body"", ""bodyless"", ""build"", ""cause"", ""checking"", ""checks"", ""compilation"", ""content"", ""correct"", ""correctness"", ""definitive"", ""diff"", ""edited"", ""establish"", ""evidenced"", ""exact"", ""expectation"", ""failure"", ""files"", ""fixes"", ""focused"", ""for"", ""full"", ""generated"", ""get"", ""head"", ""header"", ""hidden"", ""however"", ""insufficient"", ""is"", ""length"", ""level"", ""matrix"", ""method"", ""no"", ""not"", ""official"", ""only"", ""or"", ""ouro"", ""pair"", ""patch"", ""path"", ""plus"", ""post"", ""preparation"", ""psf"", ""regression"", ""repository"", ""request"", ""requests"", ""scope"", ""score"", ""serialization"", ""small"", ""so"", ""source"", ""specific"", ""strict"", ""submitted"", ""successful"", ""suite"", ""swe"", ""test"", ""tests"", ""the"", ""those"", ""to"", ""validate"", ""was"", ""were"", ""with"", ""zero""]",4
21,ouro_terminal_12,configure-git-webserver,True,Validate push-to-deploy systems through the full Git-to-HTTP path,2487,374,9,67,"[""12"", ""8080"", ""a"", ""and"", ""authentication"", ""bare"", ""behavior"", ""both"", ""branch"", ""checks"", ""concurrent"", ""configure"", ""configuring"", ""deploy"", ""deployment"", ""designated"", ""document"", ""does"", ""end"", ""establish"", ""evidence"", ""filtered"", ""for"", ""full"", ""git"", ""hardening"", ""hook"", ""http"", ""in"", ""into"", ""it"", ""nginx"", ""not"", ""one"", ""or"", ""ouro"", ""out"", ""path"", ""pattern"", ""pipeline"", ""port"", ""post"", ""procedure"", ""production"", ""push"", ""pushes"", ""receive"", ""repository"", ""reusable"", ""rollback"", ""root"", ""s"", ""server"", ""static"", ""successful"", ""supports"", ""systems"", ""terminal"", ""testing"", ""the"", ""through"", ""to"", ""validate"", ""validating"", ""web"", ""webserver"", ""which""]",2
22,ouro_terminal_12,polyglot-rust-c,False,Prove lexical isolation before implementing a cross-language polyglot,1988,267,7,57,"[""12"", ""a"", ""accepts"", ""all"", ""alternative"", ""and"", ""before"", ""by"", ""c"", ""causes"", ""compilation"", ""compiled"", ""compiler"", ""compilers"", ""cross"", ""different"", ""directives"", ""directly"", ""does"", ""each"", ""establish"", ""evidence"", ""failure"", ""first"", ""for"", ""foreign"", ""hides"", ""implementing"", ""isolation"", ""it"", ""language"", ""leaving"", ""lexical"", ""multiple"", ""not"", ""ouro"", ""partition"", ""partitioning"", ""polyglot"", ""polyglots"", ""preprocessor"", ""prove"", ""rust"", ""shows"", ""single"", ""source"", ""succeed"", ""syntax"", ""technique"", ""terminal"", ""that"", ""the"", ""to"", ""toolchains"", ""visible"", ""which"", ""will""]",1
23,ouro_terminal_12,extract-moves-from-video,False,Create and validate the required artifact early in video-to-command extraction,2786,389,8,67,"[""12"", ""a"", ""and"", ""applies"", ""approach"", ""artifact"", ""attempt"", ""attempted"", ""before"", ""command"", ""commands"", ""create"", ""created"", ""direct"", ""early"", ""endorsing"", ""entered"", ""events"", ""evidence"", ""extract"", ""extraction"", ""failure"", ""file"", ""from"", ""game"", ""here"", ""in"", ""into"", ""is"", ""lesson"", ""line"", ""moves"", ""no"", ""ocr"", ""one"", ""only"", ""or"", ""other"", ""ouro"", ""per"", ""prescribes"", ""raised"", ""rather"", ""required"", ""resistant"", ""responding"", ""scored"", ""screen"", ""solution"", ""structured"", ""tasks"", ""terminal"", ""text"", ""than"", ""that"", ""the"", ""therefore"", ""this"", ""to"", ""transcription"", ""txt"", ""user"", ""validate"", ""video"", ""workflow"", ""youtube"", ""zero""]",1
24,ouro_terminal_12,db-wal-recovery,True,Validate WAL recovery at both database and export layers,1794,251,7,50,"[""12"", ""and"", ""applies"", ""artifact"", ""at"", ""base"", ""both"", ""caused"", ""check"", ""complete"", ""corrupted"", ""data"", ""database"", ""db"", ""does"", ""establish"", ""evidence"", ""export"", ""exporting"", ""final"", ""integrity"", ""it"", ""json"", ""layered"", ""layers"", ""method"", ""missing"", ""not"", ""of"", ""only"", ""ordered"", ""ouro"", ""passing"", ""records"", ""recovered"", ""recovery"", ""repair"", ""require"", ""specific"", ""sqlite"", ""supports"", ""tasks"", ""terminal"", ""that"", ""the"", ""to"", ""validate"", ""validation"", ""wal"", ""which""]",0
25,ouro_terminal_12,sqlite-with-gcov,True,"Validate gcov builds across compilation, linking, PATH, and runtime",2038,281,8,49,"[""12"", ""a"", ""across"", ""and"", ""applies"", ""artifact"", ""available"", ""building"", ""builds"", ""c"", ""checks"", ""combining"", ""command"", ""compilation"", ""compile"", ""coverage"", ""executable"", ""exposing"", ""from"", ""gcc"", ""gcda"", ""gcno"", ""gcov"", ""in"", ""instrumentation"", ""line"", ""link"", ""linking"", ""make"", ""or"", ""ouro"", ""passing"", ""path"", ""project"", ""resolution"", ""result"", ""resulting"", ""runtime"", ""source"", ""sqlite"", ""supports"", ""terminal"", ""the"", ""through"", ""time"", ""validate"", ""vendored"", ""when"", ""with""]",0
