suite_id,approach_id,evolved_score,ablation_score,sham_score,evolved_minus_ablation,sham_minus_ablation,evolved_minus_sham,sham_harm_share_of_evolved_minus_sham,evolved_mean_context_bytes,sham_mean_context_bytes,evolved_mean_first_input_tokens,sham_mean_first_input_tokens,evolved_incremental_tokens_per_context_byte,sham_incremental_tokens_per_context_byte,sham_to_evolved_token_density_ratio
ouro_swe_50,workspace_v1_2,0.8,0.8,0.6,0.0,-0.20000000000000007,0.20000000000000007,1.0,64000,64000,18333.4,33460.4,0.268703125,0.5050625,1.8796301680525673
ouro_swe_50,minimal_v2,0.7,0.6,0.7,0.09999999999999998,0.09999999999999998,0.0,0.0,24767,24767,7537.4,13698.4,0.2584487422780313,0.5072071708321557,1.9625058584596156
ouro_swe_50,hybrid_packs,0.8,0.7,0.8,0.10000000000000009,0.10000000000000009,0.0,0.0,10584.8,6093,3351.5,4220.4,0.20946099367093748,0.5061546036435254,2.416462343526798
ouro_terminal_12,workspace_v1_2,0.8333333333333334,0.6666666666666666,0.5,0.16666666666666674,-0.16666666666666663,0.33333333333333337,0.49999999999999983,64000,64000,18112.833333333332,33239.833333333336,0.268703125,0.5050625,1.8796301680525673
ouro_terminal_12,minimal_v2,0.5,0.8333333333333334,0.6666666666666666,-0.33333333333333337,-0.16666666666666674,-0.16666666666666663,0.0,24767,24767,7316.833333333333,13477.833333333334,0.2584487422780313,0.5072071708321557,1.9625058584596156
ouro_terminal_12,hybrid_packs,0.6666666666666666,0.6666666666666666,0.6666666666666666,0.0,0.0,0.0,0.0,10806,6093,3183.5,3999.8333333333335,0.20990718614299966,0.5061546036435254,2.411325752795841
ouro_activegraph_50,workspace_v1_2,0.8266666666666667,1.0,0.96,-0.17333333333333334,-0.040000000000000036,-0.1333333333333333,0.0,64000,64000,18471.333333333332,33598.333333333336,0.268703125,0.5050625,1.8796301680525673
ouro_activegraph_50,minimal_v2,0.9666666666666667,0.88,1.0,0.08666666666666667,0.12,-0.033333333333333326,0.0,24767,24767,7675.333333333333,13836.333333333334,0.2584487422780313,0.5072071708321557,1.9625058584596156
ouro_activegraph_50,hybrid_packs,0.8266666666666667,0.9266666666666666,0.8266666666666667,-0.09999999999999998,-0.09999999999999998,0.0,0.0,10728.333333333334,6093,3504,4358.333333333333,0.20792288255784236,0.5061546036435254,2.434338142184603
