approach_id,sequence,suite_id,task_id,score_passed,mutation_accepted,artifact_bytes,artifact_byte_delta,semantic_units,procedures,capabilities,evidence_receipts,pack_source_bytes,pack_version,files_added,files_modified,files_deleted,changed_paths
workspace_v1_2,1,ouro_swe_50,matplotlib__matplotlib-25960,False,True,33316,33316,11,0,0,0,0,,11,0,0,"[""MEMORY.md"", ""SELF.md"", ""_development/current_evidence.json"", ""_development/current_lesson.json"", ""_development/evolution_manifest.json"", ""_development/geometry_matrix.py"", ""_development/promoted_behavior.md"", ""_development/public_checks.py"", ""_development/test_public_behavior.py"", ""agent.py"", ""ouroboros.json""]"
workspace_v1_2,2,ouro_swe_50,pytest-dev__pytest-5262,True,True,47395,14079,14,0,0,0,0,,3,6,0,"[""_development/retained_capabilities.json"", ""_development/validate_retained_capabilities.py"", ""_development/wrapper_contract.py"", ""MEMORY.md"", ""SELF.md"", ""_development/current_evidence.json"", ""_development/current_lesson.json"", ""_development/public_checks.py"", ""_development/test_public_behavior.py""]"
workspace_v1_2,3,ouro_swe_50,pallets__flask-5014,True,True,76034,28639,16,0,0,0,0,,2,8,0,"[""_development/constructor_boundary.py"", ""_development/verify_evolution.py"", ""MEMORY.md"", ""SELF.md"", ""_development/current_evidence.json"", ""_development/current_lesson.json"", ""_development/evolution_manifest.json"", ""_development/promoted_behavior.md"", ""_development/test_public_behavior.py"", ""ouroboros.json""]"
workspace_v1_2,4,ouro_swe_50,scikit-learn__scikit-learn-14496,True,True,88498,12464,19,0,0,0,0,,3,6,0,"[""_development/evolved_behavior.json"", ""_development/fractional_count.py"", ""_development/test_evolution.py"", ""MEMORY.md"", ""SELF.md"", ""_development/current_evidence.json"", ""_development/current_lesson.json"", ""_development/verify_evolution.py"", ""ouroboros.json""]"
workspace_v1_2,5,ouro_swe_50,pydata__xarray-3677,True,True,100824,12326,25,0,0,0,0,,6,6,0,"[""public_checks/__init__.py"", ""public_checks/test_api_boundary.py"", ""public_checks/test_prior_boundaries.py"", ""workspace_capabilities/__init__.py"", ""workspace_capabilities/api_boundary.py"", ""workspace_capabilities/prior_boundary_checks.py"", ""MEMORY.md"", ""SELF.md"", ""_development/current_evidence.json"", ""_development/current_lesson.json"", ""_development/evolution_manifest.json"", ""ouroboros.json""]"
workspace_v1_2,6,ouro_swe_50,sphinx-doc__sphinx-7440,True,True,119497,18673,28,0,0,0,0,,3,6,0,"[""_development/validate_evolution.py"", ""tests/test_workspace_evolution.py"", ""workspace_capabilities/identifier_registry.py"", ""MEMORY.md"", ""SELF.md"", ""_development/current_evidence.json"", ""_development/current_lesson.json"", ""_development/evolution_manifest.json"", ""ouroboros.json""]"
workspace_v1_2,7,ouro_swe_50,mwaskom__seaborn-3069,True,True,131025,11528,30,0,0,0,0,,2,7,0,"[""_development/reusable_workspace_behavior.py"", ""_development/test_workspace_evolution.py"", ""MEMORY.md"", ""SELF.md"", ""_development/current_evidence.json"", ""_development/current_lesson.json"", ""_development/evolution_manifest.json"", ""ouroboros.json"", ""tests/test_workspace_evolution.py""]"
workspace_v1_2,8,ouro_swe_50,pylint-dev__pylint-4661,False,False,139196,8171,30,0,0,0,0,,0,2,0,"[""_development/current_evidence.json"", ""_development/current_lesson.json""]"
workspace_v1_2,9,ouro_swe_50,psf__requests-6028,False,True,146745,7549,32,0,0,0,0,,2,7,0,"[""_development/protocol_boundary.py"", ""public_checks/test_protocol_boundary.py"", ""MEMORY.md"", ""SELF.md"", ""_development/current_evidence.json"", ""_development/current_lesson.json"", ""_development/evolution_manifest.json"", ""_development/validate_evolution.py"", ""ouroboros.json""]"
workspace_v1_2,10,ouro_swe_50,django__django-15629,False,True,180133,33388,37,0,0,0,0,,5,6,0,"[""_development/reusable_behavior.md"", ""tests/test_evolved_behavior.py"", ""tools/__init__.py"", ""tools/evidence_lesson_guard.py"", ""workspace_capabilities/schema_boundary.py"", ""MEMORY.md"", ""SELF.md"", ""_development/current_evidence.json"", ""_development/current_lesson.json"", ""_development/evolved_behavior.json"", ""ouroboros.json""]"
workspace_v1_2,11,ouro_swe_50,astropy__astropy-14365,False,True,189455,9322,39,0,0,0,0,,2,6,0,"[""_development/tests/test_workspace_evolution.py"", ""_development/workspace_evolution.py"", ""MEMORY.md"", ""SELF.md"", ""_development/current_evidence.json"", ""_development/current_lesson.json"", ""_development/evolution_manifest.json"", ""ouroboros.json""]"
workspace_v1_2,12,ouro_swe_50,sympy__sympy-19495,True,True,206092,16637,43,0,0,0,0,,4,6,0,"[""docs/evidence-grounded-evolution.md"", ""tests/test_evolution_verifier.py"", ""tests/test_symbolic_constraint_behavior.py"", ""tools/verify_evolution.py"", ""MEMORY.md"", ""SELF.md"", ""_development/current_evidence.json"", ""_development/current_lesson.json"", ""_development/evolution_manifest.json"", ""ouroboros.json""]"
workspace_v1_2,13,ouro_swe_50,matplotlib__matplotlib-20826,False,True,226287,20195,46,0,0,0,0,,3,7,0,"[""_development/evolution_contract.py"", ""_development/test_evolution_contract.py"", ""_development/test_reset_state_behavior.py"", ""MEMORY.md"", ""SELF.md"", ""_development/current_evidence.json"", ""_development/current_lesson.json"", ""_development/evolution_manifest.json"", ""_development/reusable_behavior.md"", ""ouroboros.json""]"
workspace_v1_2,14,ouro_swe_50,pytest-dev__pytest-7324,True,True,241179,14892,52,0,0,0,0,,6,6,0,"[""_development/evolution.py"", ""_development/public_checks/__init__.py"", ""_development/public_checks/check_identifier_codec.py"", ""_development/public_checks/check_retained.py"", ""tools/evolved/__init__.py"", ""tools/evolved/identifier_codec.py"", ""MEMORY.md"", ""SELF.md"", ""_development/current_evidence.json"", ""_development/current_lesson.json"", ""_development/evolution_manifest.json"", ""ouroboros.json""]"
workspace_v1_2,15,ouro_swe_50,scikit-learn__scikit-learn-25931,True,False,248231,7052,52,0,0,0,0,,0,2,0,"[""_development/current_evidence.json"", ""_development/current_lesson.json""]"
workspace_v1_2,16,ouro_swe_50,pydata__xarray-6721,True,True,269943,21712,55,0,0,0,0,,3,5,0,"[""_development/evolution_proposal.json"", ""_development/evolve_workspace.py"", ""_development/test_evolve_workspace.py"", ""MEMORY.md"", ""SELF.md"", ""_development/current_evidence.json"", ""_development/current_lesson.json"", ""ouroboros.json""]"
workspace_v1_2,17,ouro_swe_50,sphinx-doc__sphinx-9230,True,True,290740,20797,59,0,0,0,0,,4,7,0,"[""_development/public_checks/check_trailing_identifier.py"", ""_development/run_public_checks.py"", ""_development/test_trailing_identifier.py"", ""tools/evolved/trailing_identifier.py"", ""MEMORY.md"", ""SELF.md"", ""_development/current_evidence.json"", ""_development/current_lesson.json"", ""_development/evolution_manifest.json"", ""_development/evolution_proposal.json"", ""ouroboros.json""]"
workspace_v1_2,18,ouro_swe_50,mwaskom__seaborn-3187,False,True,307168,16428,62,0,0,0,0,,3,7,0,"[""tests/test_formatter_contract.py"", ""tools/formatter_contract.py"", ""tools/validate_workspace_evolution.py"", ""MEMORY.md"", ""SELF.md"", ""_development/current_evidence.json"", ""_development/current_lesson.json"", ""_development/evolution_manifest.json"", ""ouroboros.json"", ""tests/test_workspace_evolution.py""]"
workspace_v1_2,19,ouro_swe_50,pylint-dev__pylint-7080,True,True,341697,34529,64,0,0,0,0,,2,7,0,"[""public_checks/test_recursive_exclusions.py"", ""tools/recursive_exclusions.py"", ""MEMORY.md"", ""SELF.md"", ""_development/current_evidence.json"", ""_development/current_lesson.json"", ""_development/public_checks.py"", ""_development/workspace_evolution.py"", ""ouroboros.json""]"
workspace_v1_2,20,ouro_swe_50,psf__requests-1142,False,False,385464,43767,64,0,0,0,0,,0,2,0,"[""_development/current_evidence.json"", ""_development/current_lesson.json""]"
workspace_v1_2,21,ouro_terminal_12,configure-git-webserver,True,True,322909,-62555,69,0,0,0,0,,5,7,0,"[""_development/public_tests/__init__.py"", ""_development/public_tests/test_hook.py"", ""_development/public_tests/test_service.py"", ""_development/public_tests/test_validation.py"", ""tools/git_push_web.py"", ""MEMORY.md"", ""SELF.md"", ""_development/current_evidence.json"", ""_development/current_lesson.json"", ""_development/evolution_manifest.json"", ""_development/public_checks.py"", ""ouroboros.json""]"
workspace_v1_2,22,ouro_terminal_12,polyglot-rust-c,False,True,334422,11513,72,0,0,0,0,,3,7,0,"[""tests/test_multitool_matrix.py"", ""tools/multitool_matrix.py"", ""tools/workspace_evolution.py"", ""MEMORY.md"", ""SELF.md"", ""_development/current_evidence.json"", ""_development/current_lesson.json"", ""_development/evolution_manifest.json"", ""_development/reusable_behavior.md"", ""ouroboros.json""]"
workspace_v1_2,23,ouro_terminal_12,extract-moves-from-video,False,True,340764,6342,73,0,0,0,0,,1,7,0,"[""public_checks/test_evolution_compiler.py"", ""MEMORY.md"", ""SELF.md"", ""_development/current_evidence.json"", ""_development/current_lesson.json"", ""_development/evolution_manifest.json"", ""_development/workspace_evolution.py"", ""ouroboros.json""]"
workspace_v1_2,24,ouro_terminal_12,db-wal-recovery,False,True,347628,6864,75,0,0,0,0,,2,9,0,"[""public_checks/test_sqlite_wal_preservation.py"", ""tools/preserve_sqlite_wal.py"", ""MEMORY.md"", ""SELF.md"", ""_development/current_evidence.json"", ""_development/current_lesson.json"", ""_development/evolution_manifest.json"", ""_development/public_checks.py"", ""_development/workspace_evolution.py"", ""ouroboros.json"", ""public_checks/test_evolution_compiler.py""]"
workspace_v1_2,25,ouro_terminal_12,sqlite-with-gcov,True,True,365901,18273,77,0,0,0,0,,2,8,0,"[""public_checks/test_gcov_build_verifier.py"", ""tools/gcov_build_verifier.py"", ""MEMORY.md"", ""SELF.md"", ""_development/current_evidence.json"", ""_development/current_lesson.json"", ""_development/evolution_manifest.json"", ""_development/public_checks.py"", ""_development/public_checks/__init__.py"", ""ouroboros.json""]"
workspace_v1_2,26,ouro_terminal_12,tune-mjcf,False,True,377229,11328,80,0,0,0,0,,3,6,0,"[""_development/evolved_lesson.json"", ""tests/test_evidence_lesson_compiler.py"", ""tools/evidence_lesson_compiler.py"", ""MEMORY.md"", ""SELF.md"", ""_development/current_evidence.json"", ""_development/current_lesson.json"", ""_development/evolution_manifest.json"", ""ouroboros.json""]"
workspace_v1_2,27,ouro_activegraph_50,incident_coordination,False,True,415492,38263,82,0,0,0,0,,2,7,0,"[""docs/persistent-workflow-validation.md"", ""workspace_evolution.py"", ""MEMORY.md"", ""SELF.md"", ""_development/current_evidence.json"", ""_development/current_lesson.json"", ""_development/evolution_manifest.json"", ""ouroboros.json"", ""tests/test_workspace_evolution.py""]"
workspace_v1_2,28,ouro_activegraph_50,approval_workflow,False,True,429731,14239,85,0,0,0,0,,3,8,0,"[""_development/evolution_summary.json"", ""_development/test_evidence_lesson.py"", ""tools/evidence_lesson.py"", ""MEMORY.md"", ""SELF.md"", ""_development/current_evidence.json"", ""_development/current_lesson.json"", ""_development/evolution_manifest.json"", ""_development/evolved_lesson.json"", ""ouroboros.json"", ""tools/evidence_lesson_compiler.py""]"
minimal_v2,1,ouro_swe_50,matplotlib__matplotlib-25960,True,True,211921,211921,2,1,0,1,0,,0,0,0,[]
minimal_v2,2,ouro_swe_50,pytest-dev__pytest-5262,True,True,291129,79208,4,2,0,2,0,,0,0,0,[]
minimal_v2,3,ouro_swe_50,pallets__flask-5014,True,True,365398,74269,6,3,0,3,0,,0,0,0,[]
minimal_v2,4,ouro_swe_50,scikit-learn__scikit-learn-14496,True,True,440615,75217,8,4,0,4,0,,0,0,0,[]
minimal_v2,5,ouro_swe_50,pydata__xarray-3677,True,True,515810,75195,10,5,0,5,0,,0,0,0,[]
minimal_v2,6,ouro_swe_50,sphinx-doc__sphinx-7440,False,False,561402,45592,11,5,0,6,0,,0,0,0,[]
minimal_v2,7,ouro_swe_50,mwaskom__seaborn-3069,False,False,615623,54221,12,5,0,7,0,,0,0,0,[]
minimal_v2,8,ouro_swe_50,pylint-dev__pylint-4661,False,False,661233,45610,13,5,0,8,0,,0,0,0,[]
minimal_v2,9,ouro_swe_50,psf__requests-6028,False,False,706646,45413,14,5,0,9,0,,0,0,0,[]
minimal_v2,10,ouro_swe_50,django__django-15629,False,False,760437,53791,15,5,0,10,0,,0,0,0,[]
minimal_v2,11,ouro_swe_50,astropy__astropy-14365,False,False,805673,45236,16,5,0,11,0,,0,0,0,[]
minimal_v2,12,ouro_swe_50,sympy__sympy-19495,True,True,880604,74931,18,6,0,12,0,,0,0,0,[]
minimal_v2,13,ouro_swe_50,matplotlib__matplotlib-20826,True,True,956310,75706,20,7,0,13,0,,0,0,0,[]
minimal_v2,14,ouro_swe_50,pytest-dev__pytest-7324,True,True,1032211,75901,22,8,0,14,0,,0,0,0,[]
minimal_v2,15,ouro_swe_50,scikit-learn__scikit-learn-25931,True,True,1107163,74952,24,9,0,15,0,,0,0,0,[]
minimal_v2,16,ouro_swe_50,pydata__xarray-6721,True,True,1181997,74834,26,10,0,16,0,,0,0,0,[]
minimal_v2,17,ouro_swe_50,sphinx-doc__sphinx-9230,True,True,1257318,75321,28,11,0,17,0,,0,0,0,[]
minimal_v2,18,ouro_swe_50,mwaskom__seaborn-3187,False,False,1302609,45291,29,11,0,18,0,,0,0,0,[]
minimal_v2,19,ouro_swe_50,pylint-dev__pylint-7080,False,False,1356588,53979,30,11,0,19,0,,0,0,0,[]
minimal_v2,20,ouro_swe_50,psf__requests-1142,False,False,1401620,45032,31,11,0,20,0,,0,0,0,[]
minimal_v2,21,ouro_terminal_12,configure-git-webserver,True,True,1477425,75805,33,12,0,21,0,,0,0,0,[]
minimal_v2,22,ouro_terminal_12,polyglot-rust-c,False,False,1522401,44976,34,12,0,22,0,,0,0,0,[]
minimal_v2,23,ouro_terminal_12,extract-moves-from-video,False,False,1575714,53313,35,12,0,23,0,,0,0,0,[]
minimal_v2,24,ouro_terminal_12,db-wal-recovery,False,False,1620468,44754,36,12,0,24,0,,0,0,0,[]
minimal_v2,25,ouro_terminal_12,sqlite-with-gcov,True,True,1695364,74896,38,13,0,25,0,,0,0,0,[]
minimal_v2,26,ouro_terminal_12,tune-mjcf,False,False,1740503,45139,39,13,0,26,0,,0,0,0,[]
minimal_v2,27,ouro_activegraph_50,incident_coordination,False,False,1794305,53802,40,13,0,27,0,,0,0,0,[]
minimal_v2,28,ouro_activegraph_50,approval_workflow,False,False,1839823,45518,41,13,0,28,0,,0,0,0,[]
hybrid_packs,1,ouro_swe_50,matplotlib__matplotlib-25960,False,True,26626,26626,1,0,0,0,7053,1.0.0,0,0,0,[]
hybrid_packs,2,ouro_swe_50,pytest-dev__pytest-5262,True,True,31472,4846,2,0,0,0,7943,1.1.0,0,0,0,[]
hybrid_packs,3,ouro_swe_50,pallets__flask-5014,True,True,42537,11065,3,0,0,0,11412,1.2.0,0,0,0,[]
hybrid_packs,4,ouro_swe_50,scikit-learn__scikit-learn-14496,True,True,50444,7907,4,0,0,0,13325,1.3.0,0,0,0,[]
hybrid_packs,5,ouro_swe_50,pydata__xarray-3677,True,True,61920,11476,5,0,0,0,16986,1.4.0,0,0,0,[]
hybrid_packs,6,ouro_swe_50,sphinx-doc__sphinx-7440,True,True,71353,9433,6,0,0,0,20382,1.5.0,0,0,0,[]
hybrid_packs,7,ouro_swe_50,mwaskom__seaborn-3069,True,True,81162,9809,7,0,0,0,22392,1.6.0,0,0,0,[]
hybrid_packs,8,ouro_swe_50,pylint-dev__pylint-4661,False,True,96436,15274,8,0,0,0,28544,1.7.0,0,0,0,[]
hybrid_packs,9,ouro_swe_50,psf__requests-6028,False,True,106560,10124,9,0,0,0,30535,1.8.0,0,0,0,[]
hybrid_packs,10,ouro_swe_50,django__django-15629,False,True,118930,12370,10,0,0,0,33578,1.9.0,0,0,0,[]
hybrid_packs,11,ouro_swe_50,astropy__astropy-14365,True,True,125915,6985,11,0,0,0,33411,1.10.0,0,0,0,[]
hybrid_packs,12,ouro_swe_50,sympy__sympy-19495,False,True,136395,10480,12,0,0,0,38595,1.11.0,0,0,0,[]
hybrid_packs,13,ouro_swe_50,matplotlib__matplotlib-20826,True,True,141356,4961,13,0,0,0,36437,1.12.0,0,0,0,[]
hybrid_packs,14,ouro_swe_50,pytest-dev__pytest-7324,True,True,150917,9561,14,0,0,0,39265,1.13.0,0,0,0,[]
hybrid_packs,15,ouro_swe_50,scikit-learn__scikit-learn-25931,True,True,164709,13792,15,0,0,0,43911,1.14.0,0,0,0,[]
hybrid_packs,16,ouro_swe_50,pydata__xarray-6721,True,True,175834,11125,16,0,0,0,51204,1.15.0,0,0,0,[]
hybrid_packs,17,ouro_swe_50,sphinx-doc__sphinx-9230,True,True,180040,4206,17,0,0,0,49773,1.16.0,0,0,0,[]
hybrid_packs,18,ouro_swe_50,mwaskom__seaborn-3187,False,True,192949,12909,18,0,0,0,54670,1.17.0,0,0,0,[]
hybrid_packs,19,ouro_swe_50,pylint-dev__pylint-7080,False,True,203350,10401,19,0,0,0,56136,1.18.0,0,0,0,[]
hybrid_packs,20,ouro_swe_50,psf__requests-1142,False,True,208371,5021,20,0,0,0,53986,1.19.0,0,0,0,[]
hybrid_packs,21,ouro_terminal_12,configure-git-webserver,True,True,221361,12990,21,0,0,0,57885,1.20.0,0,0,0,[]
hybrid_packs,22,ouro_terminal_12,polyglot-rust-c,False,True,228668,7307,22,0,0,0,59521,1.21.0,0,0,0,[]
hybrid_packs,23,ouro_terminal_12,extract-moves-from-video,False,True,235209,6541,23,0,0,0,58871,1.22.0,0,0,0,[]
hybrid_packs,24,ouro_terminal_12,db-wal-recovery,True,True,243638,8429,24,0,0,0,61342,1.23.0,0,0,0,[]
hybrid_packs,25,ouro_terminal_12,sqlite-with-gcov,True,True,250410,6772,25,0,0,0,62506,1.24.0,0,0,0,[]
hybrid_packs,26,ouro_terminal_12,tune-mjcf,False,False,255186,4776,25,0,0,0,62506,1.24.0,0,0,0,[]
hybrid_packs,27,ouro_activegraph_50,incident_coordination,False,False,260787,5601,25,0,0,0,62506,1.24.0,0,0,0,[]
hybrid_packs,28,ouro_activegraph_50,approval_workflow,False,False,266265,5478,25,0,0,0,62506,1.24.0,0,0,0,[]
