suite_id,approach_id,arm,successful_tasks,mean_cost_usd_given_success,mean_wall_seconds_given_success
ouro_swe_50,hybrid_packs,cold,7,0.35456,94.31111342857143
ouro_swe_50,hybrid_packs,cold_ablation,7,0.3326492857142857,89.38655342857143
ouro_swe_50,hybrid_packs,evolved,8,0.48310625,442.978927375
ouro_swe_50,hybrid_packs,sham_improvement_control,8,0.519674375,92.0805165
ouro_swe_50,minimal_v2,cold,8,0.383959375,93.813209375
ouro_swe_50,minimal_v2,cold_ablation,6,0.30728916666666667,90.3683245
ouro_swe_50,minimal_v2,evolved,7,0.6417464285714286,112.74324957142858
ouro_swe_50,minimal_v2,sham_improvement_control,7,1.0592650000000001,102.66770271428571
ouro_swe_50,workspace_v1_2,cold,8,0.36091500000000004,221.4534705
ouro_swe_50,workspace_v1_2,cold_ablation,8,0.499061875,110.405592125
ouro_swe_50,workspace_v1_2,evolved,8,1.5419075,131.82819025
ouro_swe_50,workspace_v1_2,sham_improvement_control,6,1.5718783333333333,80.71540366666666
ouro_terminal_12,hybrid_packs,cold,5,0.23802099999999998,336.3101172
ouro_terminal_12,hybrid_packs,cold_ablation,4,0.217055,444.25049325000003
ouro_terminal_12,hybrid_packs,evolved,4,0.29307249999999996,398.7525255
ouro_terminal_12,hybrid_packs,sham_improvement_control,4,0.3992175,400.9186945
ouro_terminal_12,minimal_v2,cold,4,0.17729625000000002,387.50969675
ouro_terminal_12,minimal_v2,cold_ablation,5,0.35016400000000003,382.5966398
ouro_terminal_12,minimal_v2,evolved,3,0.5765583333333333,450.70878266666665
ouro_terminal_12,minimal_v2,sham_improvement_control,4,0.8037862499999999,388.76020074999997
ouro_terminal_12,workspace_v1_2,cold,4,0.31842125,381.62597375
ouro_terminal_12,workspace_v1_2,cold_ablation,4,0.34852875,364.261316
ouro_terminal_12,workspace_v1_2,evolved,5,1.298982,484.841494
ouro_terminal_12,workspace_v1_2,sham_improvement_control,3,1.07856,386.8086886666667
